Name,Park,City/Region,City/State/Region,Country/Region,Geographic Region,Construction,Type,Status,Year/Date Opened,Height (feet), Speed (mph),Length (feet),Inversions (YES or NO),Number of Inversions,Duration (min:sec),Rank,Score
Abismo,Parque de Atracciones de Madrid,Madrid,Madrid,Spain,Europe,Steel,Sit Down,Operating,2006,151.6,65.2,1476.4,YES,2,1:00,182,73.3
Afterburn,Carowinds,Charlotte,North Carolina,United States,North America,Steel,Inverted,Operating,1999,113,62,2956,YES,6,2:47,51,92.2
Alpengeist,Busch Gardens Williamsburg,Williamsburg,Virginia,United States,North America,Steel,Inverted,Operating,1997,195,67,3828,YES,6,3:10,65,89.9
Alpina Blitz,Nigloland,Dolancourt,Champagne-Ardenne,France,Europe,Steel,Sit Down,Operating,2014,108.3,51.6,2358.9,NO,0,N/A,64,89.9
Altair,Cinecittà World,Rome,Rome,Italy,Europe,Steel,Sit Down,Operating,2014,108.3,52.8,2879.8,YES,10,N/A,154,77.3
American Eagle,Six Flags Great America,Gurnee,Illinois,United States,North America,Wood,Sit Down,Operating,1981,127,66,4650,NO,0,2:23,319,55.2
Anaconda,Walygator Parc,Maizieres-les-Metz ,Lorraine,France,Europe,Wood,Sit Down,Operating,1989,118.1,55.9,3937,NO,0,2:10,711,6.9
Apocalypse,Six Flags America,Upper Marlboro,Maryland,United States,North America,Steel,Stand Up,Operating,2012,100,55,2900,YES,2,2:00,526,29.2
Apollo's Chariot,Busch Gardens Williamsburg,Williamsburg,Virginia,United States,North America,Steel,Sit Down,Operating,1999,170,73,4882,NO,0,2:15,75,88.0
Atlantica SuperSplash,Europa Park,Rust ,Baden Wuerttemberg,Germany,Europe,Steel,Sit Down,Operating,2005,98.4,49.7,1279.5,NO,0,3:20,457,39.0
Backlot Stunt Coaster,Kings Island,Kings Mills,Ohio,United States,North America,Steel,Sit Down,Operating,2005,45.2,40,1960,NO,0,1:04,342,52.4
Balder,Liseberg,Gothenburg,Vastra Gotaland,Sweden,Europe,Wood,Sit Down,Operating,2003,118.1,55.9,3510.5,NO,0,2:08,37,94.3
Bandit,Movie Park Germany,Bottrop ,North Rhine-Westphali,Germany,Europe,Wood,Sit Down,Operating,1999,91.2,49.7,3605.7,NO,0,1:30,703,8.2
Banshee,Kings Island,Mason,Ohio,United States,North America,Steel,Inverted,Operating,2014,167,68,4124,YES,7,2:40,159,76.5
Bat,Kings Island,Kings Mills,Ohio,United States,North America,Steel,Suspended,Operating,1993,78,51,2352,NO,0,1:52,274,61.8
Batman The Ride,Six Flags Great America,Gurnee,Illinois,United States,North America,Steel,Inverted,Operating,1992,100,50,2700,YES,5,2:00,227,67.0
Batman The Ride,Six Flags Great Adventure,Jackson,New Jersey,United States,North America,Steel,Inverted,Operating,1993,105,50,2693,YES,5,1:30,204,70.1
Batman The Ride,Six Flags St. Louis,Eureka,Missouri,United States,North America,Steel,Inverted,Operating,1995,105,50,2693,YES,5,2:00,254,64.3
Batwing,Six Flags America,Upper Marlboro,Maryland,United States,North America,Steel,Flying,Operating,2001,115,50,3340,YES,5,2:02,219,68.0
Beast,Kings Island,Mason,Ohio,United States,North America,Wood,Sit Down,Operating,1979,110,64.8,7359,NO,0,4:10,92,85.7
Behemoth,Canada's Wonderland,Vaughan,Onterio,Canada,North America,Steel,Sit Down,Operating,2008,230,77,5318,NO,0,N/A,72,88.5
Big Apple Coaster,"New York, New York Hotel & Casino",Las Vegas,Nevada,United States,North America,Steel,Sit Down,Operating,1997,203,67,4777,YES,2,2:40,570,23.7
Big One,Blackpool Pleasure Beach,Blackpool,"Lancashire, England",United Kingdom,Europe,Steel,Sit Down,Operating,1994,213,74,5497,NO,0,3:00,440,40.3
Big Thunder Mountain Railroad,Disneyland,Anaheim,California,United States,North America,Steel,Sit Down,Operating,1979,104,28,2671,NO,0,3:00,246,65.4
Bizarro,Six Flags Great Adventure,Jackson,New Jersey,United States,North America,Steel,Sit Down,Operating,1999,142,61,3985,YES,7,2:20,161,76.1
Black Mamba,Phantasialand,Bruhl ,North Rhine-Westphalia,Germany,Europe,Steel,Inverted,Operating,2006,85.3,49.7,2519.7,YES,4,N/A,61,90.3
Blue Hawk,Six Flags Over Georgia,Austell,Georgia,United States,North America,Steel,Sit Down,Operating,1992,122,52,2742,YES,5,1:20,728,5.1
Blue Streak,Cedar Point,Sandusky,Ohio,United States,North America,Wood,Sit Down,Operating,1964,78,40,2558,NO,0,1:45,365,50.2
Boardwalk Bullet,Kemah Boardwalk,Kemah,Texas,United States,North America,Wood,Sit Down,Operating,2007,96,51,3236,NO,0,N/A,207,69.4
Boomerang,Worlds of Fun,Kansas City,Missouri,United States,North America,Steel,Sit Down,Operating,2000,116.5,47,935,YES,3,1:48,740,3.0
Boomerang,Six Flags St. Louis,Eureka,Missouri,United States,North America,Steel,Sit Down,Operating,2013,116.5,47,935,YES,3,1:48,735,4.0
Boomerang Coast to Coaster,Six Flags Discovery Kingdom,Vallejo,California,United States,North America,Steel,Sit Down,Operating,1998,116.5,47,935,YES,3,1:48,739,3.1
Boulder Dash,Lake Compounce,Bristol,Connecticut,United States,North America,Wood,Sit Down,Operating,2000,110,60,4725,NO,0,2:30,125,82.4
Cedar Creek Mine Ride,Cedar Point,Sandusky,Ohio,United States,North America,Steel,Steel,Operating,1969,48,42,2540,NO,0,2:42,651,14.6
Coaster Express,Parque Warner Madrid,San Martin de la Vega,Madrid,Spain,Europe,Wood,Sit Down,Operating,2002,120,49.7,4574,NO,0,2:00,742,3.0
Colorado Adventure,Phantasialand,Bruhl ,North Rhine-Westphalia,Germany,Europe,Steel,Sit Down,Operating ,1996,85.3,31.1,4199.5,NO,0,2:55,181,73.3
Colossus,Thorpe Park,Chertsey,"Surrey, England",United Kingdom,Europe,Steel,Sit Down,Operating,2002,98.4,45,2788.8,YES,10,1:32,479,36.2
Comet,Walygator Parc,Maizieres-les-Metz ,Lorraine,France,Europe,Steel,Sit Down,Operating,1989,78.7,40.4,1935.7,YES,3,1:15,626,17.4
Corkscrew,Cedar Point,Sandusky,Ohio,United States,North America,Steel,Steel,Operating,1976,85,48,2050,YES,3,2:00,716,6.5
Demon,California's Great America,Santa Clara,California,United States,North America,Steel,Sit Down,Operating,1976,102,50,2130,YES,4,1:45,746,2.6
Demon,Six Flags Great America,Gurnee,Illinois,United States,North America,Steel,Sit Down,Operating ,1976,103.7,50,2130,YES,4,1:45,650,14.6
Diamondback,Kings Island,Kings Mills,Ohio,United States,North America,Steel,Sit Down,Operating,2009,230,80,5282,NO,0,3:00,87,86.3
Dragon Khan,PortAventura Park,Salou,Tarragona,Spain,Europe,Steel,Sit Down,Operating,1995,148,65,4165,YES,8,1:45,127,81.9
Eejanaika,Fuji-Q Highland,Fujiyoshida,Yamanashi,Japan,Asia,Steel,Wing,Operating,2006,249.3,78.3,3782.8,YES,3,2:10,7,98.8
El Toro,Six Flags Great Adventure,Jackson,New Jersey,United States,North America,Wood,Sit Down,Operating,2006,181,70,4400,NO,0,1:42,5,98.9
El Toro,Freizeitpark Plohn,Lengenfeld ,Saxony,Germany,Europe,Wood,Sit Down,Operating,2009,80.5,45.6,2379,NO,0,N/A,112,83.8
Fahrenheit,Hersheypark,Hershey,Pennsylvania,United States,North America,Steel,Sit Down,Operating,2008,121,58,2700,YES,6,1:25,150,78.1
Firehawk,Kings Island,Kings Mills,Ohio,United States,North America,Steel,Flying,Operating,2007,115,50,3340,YES,5,2:10,222,67.6
Flashback,Six Flags New England,Agawam,Massachusetts,United States,North America,Steel,Sit Down,Operating,2000,116.5,47,935,YES,3,1:48,743,2.7
Flight Deck,California's Great America,Santa Clara,California,United States,North America,Steel,Inverted,Operating,1993,102,50,2260,YES,3,2:26,134,81.4
Flight Deck,Canada's Wonderland,Vaughan,Onterio,Canada,North America,Steel,Inverted,Operating,1995,109.3,49.7,2260.5,YES,5,1:28,747,2.2
Flight of Fear,Kings Dominion,Doswell,Virginia,United States,North America,Steel,Sit Down,Operating,1996,74.2,54,2705,YES,4,2:24,267,62.9
Flight of Fear,Kings Island,Kings Mills,Ohio,United States,North America,Steel,Sit Down,Operating,1996,74.2,54,2705,YES,4,1:00,361,50.8
Flying Aces,Ferrari World Abu Dhabi,Abu Dhabi,Abu Dhabi,United Arab Emirates,Middle East,Steel,Sit Down,Operating,2016,206.7,74.6,4921.3,YES,1,N/A,29,95.4
Force One,Schwaben Park,Kaisersbach,Baden Wuerttemberg,Germany,Europe,Steel,Sit Down,Operating,2010,72.2,40.4,1738.8,NO,0,0:38,278,61.4
Formula Rossa,Ferrari World Abu Dhabi,Abu Dhabi,Abu Dhabi,United Arab Emirates,Middle East,Steel,Sit Down,Operating,2010,170.6,149.1,6561.7,NO,0,N/A,122,82.7
Fujiyama,Fuji-Q Highland,Fujiyoshida,Yamanashi,Japan,Asia,Steel,Sit Down,Operating,1996,259.2,80.8,6708.7,NO,0,3:36,186,72.9
Full Throttle,Six Flags Magic Mountain,Valencia,California,United States,North America,Steel,Sit Down,Operating,2013,160,70,2200,YES,2,1:30,76,88.0
Furius Baco,PortAventura Park,Salou,Tarragona,Spain,Europe,Steel,Wing,Operating,2007,46,83.9,2788.8,YES,1,0:55,333,53.3
Fury 325,Carowinds,Charlotte,North Carolina,United States,North America,Steel,Sit Down,Operating,2015,325,95,6602,NO,0,N/A,2,99.5
Gao,Greenland,Arao,Kumamoto,Japan,Asia,Steel,Sit Down,Operating,1998,131.3,60.9,5457.7,NO,0,3:56,382,48.3
GateKeeper,Cedar Point,Sandusky,Ohio,United States,North America,Steel,Wing,Operating,2013,170,67,4164,YES,6,2:40,60,90.5
GhostRider,Knott's Berry Farm,Buena Park,California,United States,North America,Wood,Sit Down,Operating,1998,118,56,4533,NO,0,2:40,180,73.4
Giant Dipper,Santa Cruz Beach Boardwalk,Santa Cruz,California,United States,North America,Wood,Sit Down,Operating,1924,70,55,2640,NO,0,1:52,203,70.3
Goliath,Six Flags Magic Mountain,Valencia,California,United States,North America,Steel,Sit Down,Operating,2000,235,85,4500,NO,0,3:00,238,65.8
Goliath,Six Flags Over Georgia,Austell,Georgia,United States,North America,Steel,Sit Down,Operating ,2006,200 ft,70,4480,NO,0,N/A,42,93.4
Goliath,Six Flags Fiesta Texas,San Antonio,Texas,United States,North America,Steel,Inverted,Operating,2008,105,50,2693,YES,5,2:00,297,59.5
Goliath,Six Flags New England,Agawam,Massachusetts,United States,North America,Steel,Inverted,Operating,2012,191.6,65.6,1204,YES,3,1:32,313,56.5
Goliath,Six Flags Great America,Gurnee,Illinois,United States,North America,Wood,Sit Down,Operating,2014,165,72,3100,YES,2,N/A,22,96.7
Goudurix,Parc Asterix,Plailly,Picardie,France,Europe,Steel,Sit Down,Operating,1989,118,56,3116.8,YES,7,1:20,693,10.0
Great White,SeaWorld San Antonio,San Antonio,Texas,United States,North America,Steel,Inverted,Operating,1997,108,50,2562,YES,5,2:00,268,62.3
Griffon,Busch Gardens Williamsburg,Williamsburg,Virginia,United States,North America,Steel,Sit Down,Operating,2007,205,71,3108,YES,2,3:00,34,94.6
Grizzly,California's Great America,Santa Clara,California,United States,North America,Wood,Sit Down,Operating,1986,91,55,3250,NO,0,2:40,535,27.9
Helix,Liseberg,Gothenburg,Vastra Gotaland,Sweden,Europe,Steel,Sit Down,Operating,2014,134.5,62.1,4530.8,YES,7,2:10,15,97.8
Hydra the Revenge,Dorney Park & Wildwater Kingdom,Allentown,Pennsylvania,United States,North America,Steel,Sit Down,Operating,2005,95,53,3198,YES,7,2:35,185,73.0
Hyperion,Energylandia,Zator,Malopolskie,Poland,Europe,Steel,Sit Down,Operating,2018,252.6,88.2,4757.2,YES,1,N/A,11,98.2
Incredible Hulk,Universal Studios Islands of Adventure,Orlando,Florida,United States,North America,Steel,Sit Down,Operating,1999,110,67,3700,YES,7,2:15,94,85.5
Incredicoaster,Disney California Adventure Park,Anaheim,California,United States,North America,Steel,Sit Down,Operating,2001,120,55,6072,YES,1,2:36,98,85.2
Intimidator,Carowinds,Charlotte,North Carolina,United States,North America,Steel,Sit Down,Operating,2010,232,75,5316,NO,0,3:33,118,83.2
Intimidator 305,Kings Dominion,Doswell,Virginia,United States,North America,Steel,Sit Down,Operating,2010,305,90,5100,NO,0,3:00,27,95.8
Invertigo,Kings Island,Kings Mills,Ohio,United States,North America,Steel,Sit Down,Operating,1999,131.3,50,1013.8,YES,3,1:30,475,36.8
Iron Dragon,Cedar Point,Sandusky,Ohio,United States,North America,Steel,Suspended,Operating,1987,76,40,2800,NO,0,2:00,518,30.8
Iron Rattler,Six Flags Fiesta Texas,San Antonio,Texas,United States,North America,Steel,Sit Down,Operating,2013,179,70,3266,YES,1, ,23,96.5
iSpeed,Mirabilandia,Savio,Emilia-Romagna,Italy,Europe,Steel,Sit Down,Operating,2009,180.4,68.4,3215.2,YES,2,N/A,25,95.9
Joker,Six Flags Great America,Gurnee,Illinois,United States,North America,Steel,Wing,Operating,2012,120,38,1019,YES,5,1:15,221,67.7
Joker,Six Flags Discovery Kingdom,Vallejo,California,United States,North America,Steel,Sit Down,Operating,2016,100,53,3200,YES,3,N/A,36,94.3
Judge Roy Scream,Six Flags Over Texas,Arlington,Texas,United States,North America,Wood,Sit Down,Operating,1980,71,45,2670,NO,0,1:30,490,34.6
Katun,Mirabilandia,Savio,Emilia-Romagna,Italy,Europe,Steel,Inverted,Operating,2000,164.1,64.6,3937,YES,6,2:22,26,95.8
Kingda Ka,Six Flags Great Adventure,Jackson,New Jersey,United States,North America,Steel,Sit Down,Operating,2005,456,128,3118,NO,0,0:28,54,91.9
Kong,Six Flags Discovery Kingdom,Vallejo,California,United States,North America,Steel,Sit Down,Operating,1998,109.3,49.7,2260.5,YES,5,1:36,751,0.6
Kraken,SeaWorld Orlando,Orlando,Florida,United States,North America,Steel,Sit Down,Operating,2000,149,65,4177,YES,7,2:02,114,83.5
Kumba,Busch Gardens Tampa,Tampa,Florida,United States,North America,Steel,Sit Down,Operating,1993,143,60,3978,YES,7,2:54,95,85.4
Leviathan,Canada's Wonderland,Vaughan,Onterio,Canada,North America,Steel,Sit Down,Operating,2012,306,92,5486,NO,0,3:28,126,82.0
Lightning Rod,Dollywood,Pigeon Forge,Tennessee,United States,North America,Wood,Sit Down,Operating,2016,207,73,3800,NO,0,N/A,8,98.8
Mako,SeaWorld Orlando,Orlando,Florida,United States,North America,Steel ,Sit Down,Operating,2016,200,73,4760,NO,0,N/A,33,94.9
Mamba,Worlds of Fun,Kansas City,Missouri,United States,North America,Steel,Sit Down,Operating,1998,205,75,5600,NO,0,3:00,362,50.5
Mammut,Erlebnispark Tripsdrill,Cleebronn,Baden Wuerttemberg,Germany,Europe,Wood,Sit Down,Operating,2008,98.4,55.9,2821.5,NO,0,N/A,280,61.3
Manta,SeaWorld Orlando,Orlando,Florida,United States,North America,Steel ,Flying,Operating,2009,140,56,3359,YES,4,2:35,57,90.9
Manta,SeaWorld San Diego,San Diego,California,United States,North America,Steel,Sit Down,Operating ,2012,30,43,2800,NO,0,2:00,250,65.0
Maverick,Cedar Point,Sandusky,Ohio,United States,North America,Steel,Sit Down,Operating,2007,105,70,4450,YES,2,2:30,3,99.2
Medusa,Six Flags Discovery Kingdom,Vallejo,California,United States,North America,Steel,Sit Down,Operating,2000,150,65,3937,YES,7,3:15,97,85.2
Millennium Force,Cedar Point,Sandusky,Ohio,United States,North America,Steel,Sit Down,Operating,2000,310,93,6595,NO,0,2:20,32,95.2
Mind Eraser,Six Flags America,Upper Marlboro,Maryland,United States,North America,Steel,Inverted,Operating,1995,109.3,49.7,2260.5,YES,5,1:36,738,3.2
Montezooma's Revenge,Knott's Berry Farm,Buena Park,California,United States,North America,Steel,Sit Down,Operating,1978,148,55,800,YES,1,0:36,255,64.2
Montu,Busch Gardens Tampa,Tampa,Florida,United States,North America,Steel,Inverted,Operating,1996,150,60,3983,YES,7,3:00,46,92.7
Mr. Freeze Reverse Blast,Six Flags St. Louis,Eureka,Missouri,United States,North America,Steel,Sit Down,Operating,1998,218,70,1300,YES,1,N/A,86,86.8
Mystic Timbers,Kings Island,Mason,Ohio,United States,North America,Wood,Sit Down,Operating,2017,109.2,53,3265,NO,0,2:00,78,87.8
Nemesis,Alton Towers,Alton,"Staffordshire, England",United Kingdom,Europe,Steel,Inverted,Operating,1994,42.6,50,2349,YES,4,1:20,39,93.9
Nessie Superrollercoaster,Hansa Park,Sierksdorf,Schleswig-Holstein,Germany,Europe,Steel,Sit Down,Operating,1980,85.3,49.1,2431.1,YES,1,2:10,317,55.5
New Revolution,Six Flags Magic Mountain,Valencia,California,United States,North America,Steel,Sit Down,Operating,1976,113,55,3457,YES,1,2:12,411,44.5
New Texas Giant,Six Flags Over Texas,Arlington,Texas,United States,North America,Steel,Sit Down,Operating,2011,153,68.6,4200,NO,0,2:00,43,93.2
Ninja,Six Flags Magic Mountain,Valencia,California,United States,North America,Steel,Suspended,Operating,1988,60,55,2800,NO,0,1:30,420,42.8
Nitro,Six Flags Great Adventure,Jackson,New Jersey,United States,North America,Steel,Sit Down,Operating,2001,230,80,5394,NO,0,2:20,55,91.6
Oblivion,Alton Towers,Alton,"Staffordshire, England",United Kingdom,Europe,Steel,Sit Down,Operating,1998,65,68,1222,NO,0,1:15,116,83.2
Outlaw Run,Silver Dollar City,Branson,Missouri,United States,North America,Wood,Sit Down,Operating,2013,107,68,2937,YES,3,1:27,18,97.1
Pandemonium,Six Flags Fiesta Texas,San Antonio,Texas,United States,North America,Steel,Sit Down,Operating,2007,48,31,1351,NO,0,N/A,357,51.0
Pandemonium,Six Flags Over Texas,Arlington,Texas,United States,North America,Steel,Sit Down,Operating,2008,53,31,1351,NO,0,1:51,332,53.4
Patriot,Worlds of Fun,Kansas City,Missouri,United States,North America,Steel,Inverted,Operating,2006,149,60,3081,YES,4,2:18,93,85.5
Phantom's Revenge,Kennywood,West Miflin,Pennsylvania,United States,North America,Steel,Sit Down,Operating,1991,160,85,3200,NO,0,1:57,174,74.3
Phoenix,Knoebels Amusement Park,Elysburg,Pennsylvania,United States,North America,Wood,Sit Down,Operating,1985,78,45,3200,NO,0,2:00,30,95.3
Piraten,Djurs Sommerland,Nimtofte,Midtjylland,Denmark,Europe,Steel,Sit Down,Operating,2008,101.7,52.8,2477,NO,0,1:01,59,90.8
Poltergeist,Six Flags Fiesta Texas,San Antonio,Texas,United States,North America,Steel,Sit Down,Operating,1999,78.8,60,2705,YES,4,1:15,385,48.3
Prowler,Worlds of Fun,Kansas City,Missouri,United States,North America,Wood,Sit Down,Operating,2009,102.3,51.2,3074,NO,0,2:30,290,60.0
Racer,Kings Island,Kings Mills,Ohio,United States,North America,Wood,Sit Down,Operating,1972,88,53,3415,NO,0,2:00,393,47.4
Raging Bull,Six Flags Great America,Gurnee,Illinois,United States,North America,Steel,Sit Down,Operating,1999,202,73,5057,NO,0,2:30,192,71.7
Raptor,Cedar Point,Sandusky,Ohio,United States,North America,Steel,Inverted,Operating,1994,137,57,3790,YES,6,2:16,123,82.5
Ravine Flyer II,Waldameer,Erie,Pennsylvania,United States,North America,Wood,Sit Down,Operating,2008,80,57,2900,NO,0,1:30,67,89.2
Red Force,Ferrari Land,Salou,Tarragona,Spain,Europe,Steel,Sit Down,Operating,2017,367.3,111.8,2887.2,NO,0,N/A,74,88.3
Revenge of the Mummy the Ride,Universal Studios Hollywood,Universal City,California,United States,North America,Steel,Sit Down,Operating,2004,44.4,40,1906,NO,0,2:00,178,74.1
Riddler's Revenge,Six Flags Magic Mountain,Valencia,California,United States,North America,Steel,Stand Up,Operating,1998,156,65,4370,YES,6,3:00,216,68.2
Rougarou,Cedar Point,Sandusky,Ohio,United States,North America,Steel,Sit Down,Operating,1996,145,60,3900,YES,4,2:40,271,62.1
Schwur des Kärnan,Hansa Park,Sierksdorf,Schleswig-Holstein,Germany,Europe,Steel,Sit Down,Operating,2015,239.5,78.9,4051.8,YES,1,N/A,40,93.6
Scream!,Six Flags Magic Mountain,Valencia,California,United States,North America,Steel,Sit Down,Operating,2003,150,63,3985,YES,7,3:00,264,63.1
Shambhala,PortAventura Park,Salou,Tarragona,Spain,Europe,Steel,Sit Down,Operating,2012,249.3,83.3,5131.3,NO,0,3:00,10,98.2
Silver Bullet,Knott's Berry Farm,Buena Park,California,United States,North America,Steel,Inverted,Operating,2004,146,55,3125,YES,6,2:30,142,79.0
Sky Scream,Holiday Park,Hassloch,Rhineland-Palatinate,Germany,Europe,Steel,Sit Down,Operating,2014,150,62,863,YES,1,1:00,165,75.5
Sky Wheel,Skyline Park,Bad Worishofen,Bavaria,Germany,Europe,Steel,Sit Down,Operating,2004,151.6,65.3,492.2,YES,2,0:50,234,66.2
Skyrush,Hersheypark,Hershey,Pennsylvania,United States,North America,Steel,Sit Down,Operating,2012,200,75,3600,NO,0,N/A,49,92.4
Spatiale Experience,Nigloland,Dolancourt,Champagne-Ardenne,France,Europe,Steel,Sit Down,Operating,2000,65.6,37.3,2624.7,NO,0,2:15,495,34.0
Stealth,Thorpe Park,Chertsey,"Surrey, England",United Kingdom,Europe,Steel,Sit Down,Operating,2006,205.1,80,1312.3,NO,0,N/A,70,88.9
Steel Dragon 2000,Nagashima Spa Land,Nagashima,"Kuwana,, Mie",Japan,Asia,Steel,Sit Down,Operating,2000,318.3,95,8133.2,NO,0,4:00,224,67.5
Steel Eel,SeaWorld San Antonio,San Antonio,Texas,United States,North America,Steel,Sit Down,Operating,1999,150,65,3700,NO,0,1:40,225,67.4
Steel Force,Dorney Park & Wildwater Kingdom,Allentown,Pennsylvania,United States,North America,Steel,Sit Down,Operating,1997,200,75,5600,NO,0,3:00,188,72.3
Steel Vengeance,Cedar Point,Sandusky,Ohio,United States,North America,Steel,Sit Down,Operating,2018,205,74,5740,YES,4,2:30,1,100.0
Storm Chaser,Kentucky Kingdom,Louisville,Kentucky,United States,North America,Steel,Sit Down,Operating,2016,100,52,2744,YES,3,1:40,17,97.3
Storm Runner,Hersheypark,Hershey,Pennsylvania,United States,North America,Steel,Sit Down,Operating,2004,150,75,2600,YES,3,0:50,77,88.0
Stunt Fall,Parque Warner Madrid,San Martin de la Vega,Madrid,Spain,Europe,Steel,Inverted,Operating,2002,191,65.6,1204,YES,3,1:32,101,84.7
Superman Krypton Coaster,Six Flags Fiesta Texas,San Antonio,Texas,United States,North America,Steel,Sit Down,Operating ,2000,168,70,4015,YES,6,2:35,71,88.6
Takabisha,Fuji-Q Highland,Fujiyoshida,Yamanashi,Japan,Asia,Steel,Sit Down,Operating,2011,141,62.1,3280.8,YES,7,1:52,273,61.9
Talon,Dorney Park & Wildwater Kingdom,Allentown,Pennsylvania,United States,North America,Steel,Inverted,Operating,2001,135,58,3110,YES,4,N/A,81,87.3
Taron,Phantasialand,Bruhl ,North Rhine-Westphalia,Germany,Europe,Steel,Sit Down,Operating ,2016,98.4,72.7,4330.8,NO,0,N/A,12,98.1
Tatsu,Six Flags Magic Mountain,Valencia,California,United States,North America,Steel,Flying,Operating,2006,170,62,3602,YES,4,N/A,52,92.1
Temple of the Night Hawk,Phantasialand,Bruhl ,North Rhine-Westphalia,Germany,Europe,Steel,Sit Down,Operating,1988,38.4,28.9,3851.7,NO,0,4:00,609,19.2
Timber Drop,Fraispertuis City,Jeanmenil,Lorraine,France,Europe,Steel,Sit Down,Operating,2011,96,41,N/A,YES,2,1:20,296,59.5
Timber Wolf,Worlds of Fun,Kansas City,Missouri,United States,North America,Wood,Sit Down,Operating,1989,100,53,4230,NO,0,2:13,556,24.9
Time Traveler,Silver Dollar City,Branson,Missouri,United States,North America,Steel,Sit Down,Operating,2008,100,50.3,3020,YES,3,1:57,31,95.2
Titan,Six Flags Over Texas,Arlington,Texas,United States,North America,Steel,Sit Down,Operating,2001,245,85,5312,NO,0,3:30,259,63.9
Tonnerre de Zeus,Parc Asterix,Plailly,Picardie,France,Europe,Wood,Sit Down,Operating,1997,98,52,4044,NO,0,2:05,360,50.8
Top Thrill Dragster,Cedar Point,Sandusky,Ohio,United States,North America,Steel,Sit Down,Operating,2003,420,120,2800,NO,0,0:30,20,96.9
Twisted Colossus,Six Flags Magic Mountain,Valencia,California,United States,North America,Steel,Sit Down,Operating ,2015,121,57,4990,YES,2,3:40,9,98.8
Ultimate,Lightwater Valley,Ripn,"North Yorkshire, England",United Kingdom,Europe,Steel,Sit Down,Operating,1991,107,50,7442,NO,0,N/A,249,65.2
Valravn,Cedar Point,Sandusky,Ohio,United States,North America,Steel,Sit Down,Operating,2016,223,75,3415,YES,3,N/A,194,71.5
Vertical Velocity,Six Flags Great America,Gurnee,Illinois,United States,North America,Steel,Inverted,Operating,2001,185,70,630,NO,0,N/A,220,67.9
Viper,Six Flags Magic Mountain,Valencia,California,United States,North America,Steel,Sit Down,Operating,1990,188,70,3830,YES,7,2:30,604,19.7
Viper,Six Flags Great America,Gurnee,Illinois,United States,North America,Wood,Sit Down,Operating,1995,100,50,3458,NO,0,1:45,281,61.1
Vortex,Kings Island,Kings Mills,Ohio,United States,North America,Steel,Sit Down,Operating,1987,148,55,3800,YES,6,2:30,665,12.8
Whizzer,Six Flags Great America,Gurnee,Illinois,United States,North America,Steel,Sit Down,Operating,1976,70,42,3100,NO,0,2:00,397,47.2
Wicked Cyclone,Six Flags New England,Agawam,Massachusetts,United States,North America,Steel,Sit Down,Operating,2015,109,55,3320,YES,3,N/A,13,98.0
Wicked Twister,Cedar Point,Sandusky,Ohio,United States,North America,Steel,Inverted,Operating,2002,215,72,215,NO,0,N/A,193,71.5
Wild One,Six Flags America,Upper Marlboro,Maryland,United States,North America,Wood,Sit Down,Operating,1986,98,53,4000,NO,0,1:52,470,37.6
X2,Six Flags Magic Mountain,Valencia,California,United States,North America,Steel,Wing,Operating,2002,175,76,3610,YES,2,N/A,24,96.1
